m_x,sd_x,label
280.5,68.02901,A
260.4,62.34404,A
255.7,25.723423,A
266.95,30.841663,A
281.85,60.967014,A
249.55,84.72089,A
270.1,41.423225,A
281.9,46.824295,A
277.15,57.72465,A
277.4,58.17524,A
249.5,85.31397,B
277.0,11.026282,B
255.1,11.760328,B
255.95,10.580383,B
252.65,19.636904,B
252.75,21.54036,B
253.25,19.764072,B
277.2,9.501243,B
252.95,21.194519,B
275.4,10.584997,B
